<?xml version="1.0" encoding="ISO-8859-1"?>
<!DOCTYPE Libros SYSTEM "Libro.dtd">
<Libros>
    <Libro xmlns="1">
        <Titulo>Un titulo</Titulo>
        <Contenido>
            <Capitulo>
                <Tema>A</Tema>
                <Seccion apartados="2">K9</Seccion>
                <Seccion apartados="3">H1</Seccion>
            </Capitulo>
            <Capitulo>
                <Tema>B</Tema>
                <Seccion apartados="4">I6</Seccion>
            </Capitulo>
        </Contenido>
        <Copyright>FreeWare</Copyright>
    </Libro>

    <Libro xmlns="1">
        <Titulo>Un segundo titulo</Titulo>
        <Contenido>
            <Capitulo>
                <Tema>C</Tema>
                <Seccion apartados="5">A4</Seccion>
                <Seccion apartados="6">G7</Seccion>
            </Capitulo>
            <Separacion />
        </Contenido>
        <Copyright>FreeWare</Copyright>
    </Libro>
</Libros>